Day,Sentiment,delta stock,,
5/3/21,-0.202701581,,,
5/2/21,-0.050241654,,,
5/1/21,-0.060596942,,,
4/30/21,-0.014518535,42.25,,
4/29/21,-0.078358588,-22.79998779,,
4/28/21,-0.019456959,-10.71948242,,
4/27/21,-0.058832451,-13.22003174,,0.722148294
